-- ============================================
-- 測試資料生成腳本
-- 根據資料字典 2.4 生成
-- ============================================

-- 清空現有資料（可選，注意順序）
-- TRUNCATE TABLE REFUND CASCADE;
-- TRUNCATE TABLE PAYMENT CASCADE;
-- TRUNCATE TABLE APPROVAL CASCADE;
-- TRUNCATE TABLE BOOKING_EQUIP CASCADE;
-- TRUNCATE TABLE BOOKING_SLOT CASCADE;
-- TRUNCATE TABLE BOOKING CASCADE;
-- TRUNCATE TABLE EQUIP_PRICE_RULE CASCADE;
-- TRUNCATE TABLE PRICE_RULE CASCADE;
-- TRUNCATE TABLE RATE_VERSION CASCADE;
-- TRUNCATE TABLE RATE_PLAN CASCADE;
-- TRUNCATE TABLE BLOCKED_SLOT CASCADE;
-- TRUNCATE TABLE TIMESLOT_RULE CASCADE;
-- TRUNCATE TABLE VENUE_EQUIP CASCADE;
-- TRUNCATE TABLE VENUE CASCADE;
-- TRUNCATE TABLE EQUIPMENT CASCADE;
-- TRUNCATE TABLE BUILDING CASCADE;
-- TRUNCATE TABLE USER CASCADE;
-- TRUNCATE TABLE HOLIDAY CASCADE;

-- ============================================
-- 2.4.1 USER（使用者主資料表）
-- ============================================
INSERT INTO "USER" (user_id, email, password_hash, name, phone) VALUES
(1, 'admin@ntu.edu.tw', '$2b$10$example_hash_admin', '系統管理員', '02-33661234'),
(2, 'user001@ntu.edu.tw', '$2b$10$example_hash_001', '張三', '0912-345678'),
(3, 'user002@ntu.edu.tw', '$2b$10$example_hash_002', '李四', '0912-345679'),
(4, 'user003@ntu.edu.tw', '$2b$10$example_hash_003', '王五', '0912-345680'),
(5, 'user004@ntu.edu.tw', '$2b$10$example_hash_004', '陳六', '0912-345681'),
(6, 'user005@ntu.edu.tw', '$2b$10$example_hash_005', '林七', '0912-345682'),
(7, 'alumni001@example.com', '$2b$10$example_hash_alumni', '校友甲', '0933-123456'),
(8, 'external001@company.com', '$2b$10$example_hash_ext', '外部使用者', '0922-987654');

-- ============================================
-- 2.4.2 BUILDING（建築）
-- ============================================
INSERT INTO BUILDING (building_id, name, code, address) VALUES
(1, '資訊工程學系館', 'CSIE', '台北市大安區羅斯福路四段1號'),
(2, '電機工程學系館', 'EE', '台北市大安區羅斯福路四段1號'),
(3, '綜合教學館', 'GENERAL', '台北市大安區羅斯福路四段1號'),
(4, '體育館', 'GYM', '台北市大安區羅斯福路四段1號'),
(5, '學生活動中心', 'STUDENT', '台北市大安區羅斯福路四段1號');

-- ============================================
-- 2.4.6 VENUE（場地）
-- ============================================
INSERT INTO VENUE (venue_id, building_id, name, type, capacity, open_status, notes) VALUES
(1, 1, 'CSIE-101 教室', 'Classroom', 50, 'On', '標準教室，有投影設備'),
(2, 1, 'CSIE-201 階梯教室', 'Classroom', 120, 'On', '階梯式座位，適合演講'),
(3, 2, 'EE-301 會議室', 'Meeting', 20, 'On', '小型會議室'),
(4, 3, '綜合大樓演講廳', 'Auditorium', 300, 'On', '大型演講廳，有舞台'),
(5, 4, '籃球場A', 'Sport', 100, 'On', '室內籃球場'),
(6, 4, '羽球場1', 'Sport', 20, 'On', '標準羽球場地'),
(7, 5, '戶外廣場', 'Outdoor', 500, 'On', '大型戶外活動場地'),
(8, 1, 'CSIE-102 實驗室', 'Classroom', 30, 'Off', '目前維修中');

-- ============================================
-- 2.4.7 EQUIPMENT（設備/人力項目）
-- ============================================
INSERT INTO EQUIPMENT (equip_id, name, category, need_staff_bool, unit, status) VALUES
(1, '投影機', '器材', false, 'PerHour', 'On'),
(2, '無線麥克風', '器材', false, 'PerUse', 'On'),
(3, '音響系統', '器材', false, 'PerHour', 'On'),
(4, '攝影師', '人力', true, 'PerHour', 'On'),
(5, '活動主持人', '人力', true, 'PerHour', 'On'),
(6, '白板', '器材', false, 'PerUse', 'On'),
(7, '桌椅組', '器材', false, 'PerUse', 'On'),
(8, '延長線', '耗材', false, 'PerUse', 'On'),
(9, '筆記型電腦', '器材', false, 'PerHour', 'On'),
(10, '翻譯人員', '人力', true, 'PerHour', 'Off');

-- ============================================
-- 2.4.8 VENUE_EQUIP（場地可用設備對應與庫存）
-- ============================================
INSERT INTO VENUE_EQUIP (venue_id, equip_id, stock_qty, default_on_bool) VALUES
-- CSIE-101 教室
(1, 1, 2, true),  -- 投影機（預設附帶）
(1, 6, 2, true),  -- 白板（預設附帶）
(1, 7, 50, false), -- 桌椅組
(1, 8, 5, false),  -- 延長線
-- CSIE-201 階梯教室
(2, 1, 1, true),  -- 投影機
(2, 2, 2, true),  -- 無線麥克風
(2, 3, 1, true),  -- 音響系統
(2, 6, 1, true),  -- 白板
-- EE-301 會議室
(3, 1, 1, true),  -- 投影機
(3, 6, 1, true),  -- 白板
(3, 9, 2, false), -- 筆記型電腦
-- 綜合大樓演講廳
(4, 1, 2, true),  -- 投影機
(4, 2, 4, true),  -- 無線麥克風
(4, 3, 1, true),  -- 音響系統
(4, 4, 2, false), -- 攝影師
-- 籃球場A
(5, 7, 20, false), -- 桌椅組
-- 戶外廣場
(7, 3, 2, false),  -- 音響系統
(7, 7, 100, false), -- 桌椅組
(7, 8, 10, false); -- 延長線

-- ============================================
-- 2.4.9 TIMESLOT_RULE（可租時段規則）
-- ============================================
INSERT INTO TIMESLOT_RULE (rule_id, venue_id, weekday, open_time, close_time, slot_minute) VALUES
-- CSIE-101 教室：週一到週五 08:00-22:00
(1, 1, 1, '08:00:00', '22:00:00', 30),
(2, 1, 2, '08:00:00', '22:00:00', 30),
(3, 1, 3, '08:00:00', '22:00:00', 30),
(4, 1, 4, '08:00:00', '22:00:00', 30),
(5, 1, 5, '08:00:00', '22:00:00', 30),
-- CSIE-201 階梯教室：週一到週五 09:00-21:00
(6, 2, 1, '09:00:00', '21:00:00', 30),
(7, 2, 2, '09:00:00', '21:00:00', 30),
(8, 2, 3, '09:00:00', '21:00:00', 30),
(9, 2, 4, '09:00:00', '21:00:00', 30),
(10, 2, 5, '09:00:00', '21:00:00', 30),
-- EE-301 會議室：週一到週五 08:00-18:00
(11, 3, 1, '08:00:00', '18:00:00', 30),
(12, 3, 2, '08:00:00', '18:00:00', 30),
(13, 3, 3, '08:00:00', '18:00:00', 30),
(14, 3, 4, '08:00:00', '18:00:00', 30),
(15, 3, 5, '08:00:00', '18:00:00', 30),
-- 綜合大樓演講廳：週一到週日 08:00-22:00
(16, 4, 0, '08:00:00', '22:00:00', 30),
(17, 4, 1, '08:00:00', '22:00:00', 30),
(18, 4, 2, '08:00:00', '22:00:00', 30),
(19, 4, 3, '08:00:00', '22:00:00', 30),
(20, 4, 4, '08:00:00', '22:00:00', 30),
(21, 4, 5, '08:00:00', '22:00:00', 30),
(22, 4, 6, '08:00:00', '22:00:00', 30),
-- 籃球場A：週一到週日 06:00-22:00
(23, 5, 1, '06:00:00', '22:00:00', 30),
(24, 5, 2, '06:00:00', '22:00:00', 30),
(25, 5, 3, '06:00:00', '22:00:00', 30),
(26, 5, 4, '06:00:00', '22:00:00', 30),
(27, 5, 5, '06:00:00', '22:00:00', 30),
(28, 5, 6, '06:00:00', '22:00:00', 30),
(29, 5, 0, '06:00:00', '22:00:00', 30);

-- ============================================
-- 2.4.10 BLOCKED_SLOT（阻擋租借/保留）
-- ============================================
INSERT INTO BLOCKED_SLOT (block_id, venue_id, date, start_time, end_time, reason) VALUES
(1, 1, '2024-12-25', '08:00:00', '18:00:00', '聖誕節公務保留'),
(2, 4, '2024-12-31', '18:00:00', '22:00:00', '跨年活動預留'),
(3, 5, '2025-01-15', '10:00:00', '12:00:00', '場地維修'),
(4, 2, '2025-01-20', '14:00:00', '16:00:00', '設備檢修');

-- ============================================
-- 2.4.11 RATE_PLAN（場地費率方案）
-- ============================================
INSERT INTO RATE_PLAN (plan_id, venue_id, name, status) VALUES
(1, 1, 'CSIE-101 標準方案', 'On'),
(2, 2, 'CSIE-201 標準方案', 'On'),
(3, 3, 'EE-301 標準方案', 'On'),
(4, 4, '演講廳標準方案', 'On'),
(5, 4, '演講廳優惠方案', 'On'),
(6, 5, '籃球場標準方案', 'On'),
(7, 6, '羽球場標準方案', 'On'),
(8, 7, '戶外廣場標準方案', 'On');

-- ============================================
-- 2.4.12 RATE_VERSION（費率版本）
-- ============================================
INSERT INTO RATE_VERSION (version_id, plan_id, effective_from, effective_to, created_at) VALUES
(1, 1, '2024-01-01', NULL, '2023-12-01 10:00:00'),
(2, 2, '2024-01-01', NULL, '2023-12-01 10:00:00'),
(3, 3, '2024-01-01', NULL, '2023-12-01 10:00:00'),
(4, 4, '2024-01-01', '2024-06-30', '2023-12-01 10:00:00'),
(5, 4, '2024-07-01', NULL, '2024-06-01 10:00:00'),  -- 新版本
(6, 5, '2024-01-01', NULL, '2023-12-01 10:00:00'),
(7, 6, '2024-01-01', NULL, '2023-12-01 10:00:00'),
(8, 7, '2024-01-01', NULL, '2023-12-01 10:00:00'),
(9, 8, '2024-01-01', NULL, '2023-12-01 10:00:00');

-- ============================================
-- 2.4.13 PRICE_RULE（場地計價規則）
-- ============================================
INSERT INTO PRICE_RULE (price_id, version_id, affiliation, day_type, start_time, end_time, 
                        base_fee_per_hour, min_hours, step_minute, peak_surcharge_pct, 
                        deposit_required_bool, deposit_amount) VALUES
-- CSIE-101 方案：內部使用者平日
(1, 1, 'Internal', 'Weekday', '08:00:00', '18:00:00', 500.00, 1, 30, NULL, false, NULL),
(2, 1, 'Internal', 'Weekday', '18:00:00', '22:00:00', 800.00, 1, 30, 20.00, false, NULL),
(3, 1, 'Internal', 'Weekend', '08:00:00', '22:00:00', 1000.00, 2, 30, NULL, true, 2000.00),
(4, 1, 'External', 'Weekday', '08:00:00', '22:00:00', 2000.00, 2, 30, NULL, true, 5000.00),
(5, 1, 'Alumni', 'Weekday', '08:00:00', '18:00:00', 800.00, 1, 30, NULL, false, NULL),
-- CSIE-201 方案
(6, 2, 'Internal', 'Weekday', '09:00:00', '21:00:00', 1000.00, 1, 30, NULL, false, NULL),
(7, 2, 'External', 'Weekday', '09:00:00', '21:00:00', 3000.00, 2, 30, NULL, true, 6000.00),
-- EE-301 方案
(8, 3, 'Internal', 'Weekday', '08:00:00', '18:00:00', 800.00, 1, 30, NULL, false, NULL),
(9, 3, 'External', 'Weekday', '08:00:00', '18:00:00', 2500.00, 2, 30, NULL, true, 5000.00),
-- 演講廳標準方案（舊版本）
(10, 4, 'Internal', 'Weekday', '08:00:00', '18:00:00', 2000.00, 2, 30, NULL, true, 5000.00),
(11, 4, 'Internal', 'Weekday', '18:00:00', '22:00:00', 3000.00, 2, 30, 30.00, true, 5000.00),
-- 演講廳標準方案（新版本，漲價）
(12, 5, 'Internal', 'Weekday', '08:00:00', '18:00:00', 2500.00, 2, 30, NULL, true, 5000.00),
(13, 5, 'Internal', 'Weekday', '18:00:00', '22:00:00', 3500.00, 2, 30, 30.00, true, 5000.00),
-- 籃球場方案
(14, 7, 'Internal', 'Weekday', '06:00:00', '18:00:00', 800.00, 1, 30, NULL, false, NULL),
(15, 7, 'Internal', 'Weekday', '18:00:00', '22:00:00', 1200.00, 1, 30, NULL, false, NULL),
(16, 7, 'External', 'Weekday', '06:00:00', '22:00:00', 2000.00, 2, 30, NULL, true, 3000.00);

-- ============================================
-- 2.4.14 EQUIP_PRICE_RULE（設備加價規則）
-- ============================================
INSERT INTO EQUIP_PRICE_RULE (eprice_id, version_id, equip_id, affiliation, unit_price, unit) VALUES
-- 投影機
(1, 1, 1, 'Internal', 200.00, 'PerHour'),
(2, 1, 1, 'External', 500.00, 'PerHour'),
-- 無線麥克風
(3, 1, 2, 'Internal', 100.00, 'PerUse'),
(4, 1, 2, 'External', 300.00, 'PerUse'),
-- 音響系統
(5, 1, 3, 'Internal', 500.00, 'PerHour'),
(6, 1, 3, 'External', 1000.00, 'PerHour'),
-- 攝影師
(7, 1, 4, 'Internal', 1500.00, 'PerHour'),
(8, 1, 4, 'External', 2000.00, 'PerHour'),
-- 活動主持人
(9, 1, 5, 'Internal', 2000.00, 'PerHour'),
(10, 1, 5, 'External', 3000.00, 'PerHour'),
-- 筆記型電腦
(11, 1, 9, 'Internal', 300.00, 'PerHour'),
(12, 1, 9, 'External', 600.00, 'PerHour');

-- ============================================
-- 2.4.21 HOLIDAY（行事曆/日型）
-- ============================================
INSERT INTO HOLIDAY (date, name, day_type) VALUES
('2024-01-01', '元旦', 'Holiday'),
('2024-02-10', '農曆春節', 'Holiday'),
('2024-02-11', '農曆春節', 'Holiday'),
('2024-02-12', '農曆春節', 'Holiday'),
('2024-02-28', '和平紀念日', 'Holiday'),
('2024-04-04', '兒童節', 'Holiday'),
('2024-04-05', '清明節', 'Holiday'),
('2024-05-01', '勞動節', 'Holiday'),
('2024-06-10', '端午節', 'Holiday'),
('2024-09-17', '中秋節', 'Holiday'),
('2024-10-10', '國慶日', 'Holiday'),
('2024-12-25', '聖誕節', 'Holiday'),
('2025-01-01', '元旦', 'Holiday');

-- ============================================
-- 2.4.15 BOOKING（訂單主資料表）
-- ============================================
INSERT INTO BOOKING (booking_id, venue_id, user_id, org_id, purpose, date, start_time, end_time, 
                     people, version_id, affiliation_cached, amount_est, deposit, status, 
                     hold_until, created_at) VALUES
-- 已完成的訂單
(1, 1, 2, NULL, '課程教學', '2024-12-10', '10:00:00', '12:00:00', 45, 1, 'Internal', 1000.00, NULL, 'Completed', NULL, '2024-12-01 09:00:00'),
-- 待審核的訂單
(2, 2, 3, NULL, '學術研討會', '2025-01-15', '14:00:00', '17:00:00', 100, 2, 'Internal', 3000.00, NULL, 'Pending', NULL, '2024-12-20 10:00:00'),
-- 已審核通過的訂單
(3, 4, 4, NULL, '畢業典禮', '2025-06-15', '09:00:00', '12:00:00', 250, 5, 'Internal', 7500.00, 5000.00, 'Approved', NULL, '2024-12-15 11:00:00'),
-- 草稿訂單
(4, 3, 5, NULL, '會議討論', '2025-01-20', '15:00:00', '17:00:00', 15, 3, 'Internal', 1600.00, NULL, 'Draft', '2024-12-25 23:59:59', '2024-12-22 14:00:00'),
-- 被拒絕的訂單
(5, 1, 6, NULL, '活動申請', '2025-01-25', '08:00:00', '10:00:00', 30, 1, 'Internal', 1000.00, NULL, 'Rejected', NULL, '2024-12-18 16:00:00'),
-- 已取消的訂單
(6, 5, 2, NULL, '籃球比賽', '2025-01-10', '18:00:00', '20:00:00', 50, 7, 'Internal', 2400.00, NULL, 'Cancelled', NULL, '2024-12-10 10:00:00'),
-- 外部使用者訂單
(7, 4, 7, NULL, '企業講座', '2025-02-01', '19:00:00', '21:00:00', 200, 5, 'External', 7000.00, 5000.00, 'Pending', NULL, '2024-12-20 15:00:00'),
-- 校友訂單
(8, 1, 7, NULL, '校友聚會', '2025-01-18', '14:00:00', '16:00:00', 40, 1, 'Alumni', 1600.00, NULL, 'Approved', NULL, '2024-12-19 09:00:00'),
-- 待付款保留的訂單
(9, 2, 3, NULL, '工作坊', '2025-01-22', '09:00:00', '12:00:00', 80, 2, 'Internal', 3000.00, NULL, 'Pending', '2024-12-28 23:59:59', '2024-12-23 11:00:00');

-- ============================================
-- 2.4.16 BOOKING_SLOT（訂單對應時段切段）
-- ============================================
INSERT INTO BOOKING_SLOT (booking_id, venue_id, slot_start) VALUES
-- 訂單1：2024-12-10 10:00-12:00 (4個30分鐘時段)
(1, 1, '2024-12-10 10:00:00'),
(1, 1, '2024-12-10 10:30:00'),
(1, 1, '2024-12-10 11:00:00'),
(1, 1, '2024-12-10 11:30:00'),
-- 訂單2：2025-01-15 14:00-17:00 (6個時段)
(2, 2, '2025-01-15 14:00:00'),
(2, 2, '2025-01-15 14:30:00'),
(2, 2, '2025-01-15 15:00:00'),
(2, 2, '2025-01-15 15:30:00'),
(2, 2, '2025-01-15 16:00:00'),
(2, 2, '2025-01-15 16:30:00'),
-- 訂單3：2025-06-15 09:00-12:00 (6個時段)
(3, 4, '2025-06-15 09:00:00'),
(3, 4, '2025-06-15 09:30:00'),
(3, 4, '2025-06-15 10:00:00'),
(3, 4, '2025-06-15 10:30:00'),
(3, 4, '2025-06-15 11:00:00'),
(3, 4, '2025-06-15 11:30:00'),
-- 訂單4：2025-01-20 15:00-17:00 (4個時段)
(4, 3, '2025-01-20 15:00:00'),
(4, 3, '2025-01-20 15:30:00'),
(4, 3, '2025-01-20 16:00:00'),
(4, 3, '2025-01-20 16:30:00'),
-- 訂單6：2025-01-10 18:00-20:00 (4個時段)
(6, 5, '2025-01-10 18:00:00'),
(6, 5, '2025-01-10 18:30:00'),
(6, 5, '2025-01-10 19:00:00'),
(6, 5, '2025-01-10 19:30:00'),
-- 訂單7：2025-02-01 19:00-21:00 (4個時段)
(7, 4, '2025-02-01 19:00:00'),
(7, 4, '2025-02-01 19:30:00'),
(7, 4, '2025-02-01 20:00:00'),
(7, 4, '2025-02-01 20:30:00'),
-- 訂單8：2025-01-18 14:00-16:00 (4個時段)
(8, 1, '2025-01-18 14:00:00'),
(8, 1, '2025-01-18 14:30:00'),
(8, 1, '2025-01-18 15:00:00'),
(8, 1, '2025-01-18 15:30:00'),
-- 訂單9：2025-01-22 09:00-12:00 (6個時段)
(9, 2, '2025-01-22 09:00:00'),
(9, 2, '2025-01-22 09:30:00'),
(9, 2, '2025-01-22 10:00:00'),
(9, 2, '2025-01-22 10:30:00'),
(9, 2, '2025-01-22 11:00:00'),
(9, 2, '2025-01-22 11:30:00');

-- ============================================
-- 2.4.17 BOOKING_EQUIP（訂單設備需求）
-- ============================================
INSERT INTO BOOKING_EQUIP (booking_id, equip_id, qty) VALUES
(1, 1, 1),  -- 訂單1需要投影機
(1, 6, 1),  -- 訂單1需要白板
(2, 1, 1),  -- 訂單2需要投影機
(2, 2, 2),  -- 訂單2需要2支無線麥克風
(2, 3, 1),  -- 訂單2需要音響系統
(3, 1, 2),  -- 訂單3需要2台投影機
(3, 2, 4),  -- 訂單3需要4支無線麥克風
(3, 3, 1),  -- 訂單3需要音響系統
(3, 4, 2),  -- 訂單3需要2位攝影師
(4, 1, 1),  -- 訂單4需要投影機
(4, 9, 1),  -- 訂單4需要筆記型電腦
(7, 1, 1),  -- 訂單7需要投影機
(7, 2, 2),  -- 訂單7需要2支無線麥克風
(7, 3, 1),  -- 訂單7需要音響系統
(8, 1, 1),  -- 訂單8需要投影機
(9, 1, 1),  -- 訂單9需要投影機
(9, 2, 1),  -- 訂單9需要無線麥克風
(9, 6, 1);  -- 訂單9需要白板

-- ============================================
-- 2.4.18 APPROVAL（審核紀錄）
-- ============================================
INSERT INTO APPROVAL (approval_id, booking_id, approver_id, step, decision, comment, decided_at) VALUES
-- 訂單1：已完成，已審核通過
(1, 1, 1, 1, 'Approved', '符合使用規定，准予使用', '2024-12-02 10:00:00'),
-- 訂單2：待審核（第一關）
(2, 2, 1, 1, 'Pending', NULL, NULL),
-- 訂單3：已審核通過（兩關審核）
(3, 3, 1, 1, 'Approved', '第一關審核通過', '2024-12-16 09:00:00'),
(4, 3, 1, 2, 'Approved', '第二關審核通過', '2024-12-16 14:00:00'),
-- 訂單5：被拒絕
(5, 5, 1, 1, 'Rejected', '申請時間與其他活動衝突', '2024-12-19 10:00:00'),
-- 訂單7：待審核
(6, 7, 1, 1, 'Pending', NULL, NULL),
-- 訂單8：已審核通過
(7, 8, 1, 1, 'Approved', '校友活動，准予使用', '2024-12-20 10:00:00'),
-- 訂單9：待審核
(8, 9, 1, 1, 'Pending', NULL, NULL);

-- ============================================
-- 2.4.19 PAYMENT（付款紀錄）
-- ============================================
INSERT INTO PAYMENT (payment_id, booking_id, method, amount, type, status, created_at) VALUES
-- 訂單1的付款（已完成）
(1, 1, 'Transfer', 1000.00, 'Rent', 'Succeeded', '2024-12-03 10:00:00'),
-- 訂單3的押金
(2, 3, 'Card', 5000.00, 'Deposit', 'Succeeded', '2024-12-17 11:00:00'),
-- 訂單3的租金（待付款）
(3, 3, 'Transfer', 7500.00, 'Rent', 'Pending', '2024-12-17 11:30:00'),
-- 訂單8的付款
(4, 8, 'Card', 1600.00, 'Rent', 'Succeeded', '2024-12-21 09:00:00'),
-- 訂單6的退款（已取消）
(5, 6, 'Transfer', 2400.00, 'Rent', 'Refunded', '2024-12-11 10:00:00'),
-- 訂單7的押金（待付款）
(6, 7, 'Card', 5000.00, 'Deposit', 'Pending', '2024-12-21 15:00:00'),
-- 訂單調整（金額修正）
(7, 1, 'Transfer', -100.00, 'Adjustment', 'Succeeded', '2024-12-05 14:00:00');

-- ============================================
-- 2.4.20 REFUND（退款紀錄）
-- ============================================
INSERT INTO REFUND (refund_id, payment_id, amount, reason, status, created_at) VALUES
-- 訂單6的退款（因取消）
(1, 5, 2400.00, '訂單取消，全額退款', 'Succeeded', '2024-12-11 11:00:00'),
-- 訂單1的調整退款
(2, 7, 100.00, '金額調整，部分退款', 'Succeeded', '2024-12-05 15:00:00');

-- ============================================
-- 測試資料統計
-- ============================================
-- USER: 8筆（包含1位管理員）
-- BUILDING: 5筆
-- VENUE: 8筆
-- EQUIPMENT: 10筆
-- VENUE_EQUIP: 17筆
-- TIMESLOT_RULE: 29筆
-- BLOCKED_SLOT: 4筆
-- RATE_PLAN: 8筆
-- RATE_VERSION: 9筆
-- PRICE_RULE: 16筆
-- EQUIP_PRICE_RULE: 12筆
-- HOLIDAY: 13筆
-- BOOKING: 9筆（涵蓋各種狀態）
-- BOOKING_SLOT: 42筆
-- BOOKING_EQUIP: 18筆
-- APPROVAL: 8筆
-- PAYMENT: 7筆
-- REFUND: 2筆

